"id","name","sku","barcode","category_id","purchase_price","selling_price","stock","min_stock","unit","created_at"
"1","Sprite Canned","BEV-001","5449000014535",,"7.91","12.00","24","5","bottle","""2026-07-09T09:52:36.936Z"""
"2","DON SIMON","BEV-002","8410261607108",,"35.00","40.00","13","5","bottle","""2026-07-09T09:52:36.936Z"""
"3","FANTA Orange","BEV-003","90377235",,"4.00","7.00","11","5","bottle","""2026-07-09T09:52:36.936Z"""
"4","CERES Red Grapes","SNK-001","6001240100073",,"37.00","45.00","4","1","pack","""2026-07-09T09:52:36.936Z"""
"5","CERES Secret of Valley","SNK-002","6001240100714",,"37.00","45.00","2","1","pack","""2026-07-09T09:52:36.936Z"""
"6","Peak Milk Low Fat","SNK-003","8716200280792",,"27.03","37.00","12","5","pack","""2026-07-09T09:52:36.936Z"""
"7","FRU TELLI","HH-001","6253500771428",,"24.66","30.00","6","2","bag","""2026-07-09T09:52:36.936Z"""
"9","Hollandia Yogurt Drink","TOI-001","6151100052162",,"20.00","30.00","5","2","bar","""2026-07-09T09:52:36.936Z"""
"10","CERES Guava","TOI-002","6001240100035",,"37.00","45.00","2","1","tube","""2026-07-09T09:52:36.936Z"""
"14","FANTA Cocktail ","SKU-MREEIXP3","42116011",,"4.00","7.00","11","5","pcs","""2026-07-10T03:54:17.752Z"""
"15","FANTA Orange Canned","SKU-MREF5PJJ","5449000011527",,"7.91","12.00","24","5","pcs","""2026-07-10T04:12:00.273Z"""
"18","FANTA Lemon","SKU-MSW80ENS","90418723",,"4.00","7.00","19","5","pcs","""2026-08-16T19:51:29.094Z"""
"19","Coca-Cola 300ml","SKU-MSW86BD4","90338052",,"4.00","7.00","29","5","pcs","""2026-08-16T19:56:04.757Z"""
"20","BEL-MALT ","SKU-MSW8A2GH","6034000351248",,"4.00","6.50","24","5","pcs","""2026-08-16T19:58:59.837Z"""
"21","Malta Guinness","SKU-MSWZ9N17","6034000106893",,"9.79","14.00","24","5","pcs","""2026-08-17T08:34:29.481Z"""
"22","BB Cocktail","SKU-MSWZCABK","9501100004208",,"9.16","14.00","21","5","pcs","""2026-08-17T08:36:32.974Z"""
"23","Bigoo Cocktail","SKU-MSWZEH82","6034095253182",,"2.30","5.00","20","5","pcs","""2026-08-17T08:38:15.231Z"""
"24","Bigoo Cola","SKU-MSWZGPWP","6034096253198",,"2.30","5.00","19","5","pcs","""2026-08-17T08:39:59.798Z"""
"25","BEL-Cola","SKU-MSWZI3AP","6034000351101",,"2.10","5.00","11","5","pcs","""2026-08-17T08:41:03.806Z"""
"26","Coca-Cola","SKU-MSWZLY24","5449000000439",,"9.66","28.00","11","1","pcs","""2026-08-17T08:44:03.641Z"""
"27","Tampico 1 liter","SKU-MSX0ZYS3","951889903428",,"10.16","15.00","6","2","pcs","""2026-08-17T09:22:57.377Z"""
"28","Tampico  Small","SKU-MSX12CGJ","951889950026",,"5.00","7.00","11","5","pcs","""2026-08-17T09:24:48.416Z"""
"29","5 Star Energy drink","SKU-MSX148JC","4260183331285",,"3.83","5.00","11","5","pcs","""2026-08-17T09:26:16.643Z"""
"30","Sprite","SKU-MSX16Z5S","54007888",,"4.00","7.00","12","5","pcs","""2026-08-17T09:28:24.461Z"""
"31","DON SIMON  small","SKU-MSX19JSX","8410261607412",,"5.66","8.00","26","8","pcs","""2026-08-17T09:30:24.526Z"""
"32","FRUITY","SKU-MSX23Z7J","6253500771220",,"2.38","5.00","39","10","pcs","""2026-08-17T09:54:04.172Z"""
"33","FRUITY  Pack","SKU-MSX283ZA",,,"50.00","65.00","2","1","pcs","""2026-08-17T09:57:16.977Z"""
"34","Kalyppo Pack","SKU-MSX29XYQ",,,"92.00","110.00","2","1","pcs","""2026-08-17T09:58:42.495Z"""
"35","Juicee","SKU-MSX2KND2","6253500771527",,"3.12","5.00","48","12","pcs","""2026-08-17T10:07:01.971Z"""
"36","Juicee Pack","SKU-MSX2MY0E",,,"75.00","90.00","1","0","pcs","""2026-08-17T10:08:49.083Z"""
"37","Kalyppo Apple","SKU-MSX3J7S8","9501053210480",,"3.83","6.00","6","2","pcs","""2026-08-17T10:33:54.739Z"""
"38","Kalyppo Orang","SKU-MSX3KLZH","9501053210466",,"3.83","6.00","6","2","pcs","""2026-08-17T10:34:59.803Z"""
"39","Kalyppo Fruitmix","SKU-MSX3LEKU","9501053210497",,"3.83","6.00","6","2","pcs","""2026-08-17T10:35:36.859Z"""
"40","VITAMILK","SKU-MSX48Z64","8851028000631",,"12.91","16.00","21","8","pcs","""2026-08-17T10:53:56.633Z"""
"41","STORM Energy drink","SKU-MSX4DKQF","6033000340085",,"5.83","8.00","11","4","pcs","""2026-08-17T10:57:31.203Z"""
"42","fanYogo","SKU-MSX4UYDH","6033000540553",,"3.83","5.00","60","20","pcs","""2026-08-17T11:11:02.035Z"""
"43","FanIce","SKU-MSX4WJ11","6033000540607",,"3.83","5.00","55","20","pcs","""2026-08-17T11:12:15.458Z"""
"44","FanChoco","SKU-MSX4Y2OQ","6033000540546",,"3.83","5.00","70","20","pcs","""2026-08-17T11:13:27.592Z"""
"45","FanIce Chocolate 150ml Cup ","SKU-MSX5K1LN","6034000130232",,"5.25","7.00","6","2","pcs","""2026-08-17T11:30:32.616Z"""
"46","FanIce Vanilla 150ml Cup ","SKU-MSX5LHJB","6034000130218",,"5.25","7.00","10","3","pcs","""2026-08-17T11:31:39.923Z"""
"47","FanIce Strawberry 150ml Cup","SKU-MSX5PAUT","6034000130225",,"5.25","7.00","9","4","pcs","""2026-08-17T11:34:37.891Z"""
"48","FanIce Strawberry 500ml Cup","SKU-MSX7VF18","6034000130072",,"19.00","22.00","6","2","pcs","""2026-08-17T12:35:22.473Z"""
"49","FanIce Strawberry 250ml Cup","SKU-MSX7XSG5","6034000130607",,"10.00","12.00","11","4","pcs","""2026-08-17T12:37:13.171Z"""
"50","FanIce Double Treat Strawberry &Vanilla","SKU-MSX82HME","6034000130690",,"33.50","40.00","1","0","pcs","""2026-08-17T12:40:52.420Z"""
"51","FanIce Vanilla Americana","SKU-MSX877WP","6033000540355",,"37.50","45.00","2","1","pcs","""2026-08-17T12:44:33.108Z"""
"52","FanIce Double Treat  Vanilla & Chocolate 1 liter","SKU-MSX9BYSX","6034000130058",,"33.50","40.00","1","0","pcs","""2026-08-17T13:16:14.204Z"""
"53","FanIce Strawberry Box 2liters","SKU-MSX9EVVA","6034000130287",,"54.00","64.00","1","0","pcs","""2026-08-17T13:18:30.371Z"""
"54","FanIce Vanilla 2Liters","SKU-MSX9GCNO","6034000130270",,"54.00","65.00","2","0","pcs","""2026-08-17T13:19:38.784Z"""
"55","FanIce Double Treat vanilla & strawberry 2liters","SKU-MSX9N2V4","6034000130126",,"58.00","70.00","1","0","pcs","""2026-08-17T13:24:52.685Z"""
"56","FanIce Double Treat vanilla & Chocolate 2liters","SKU-MSX9OSUT","6034000130133",,"58.00","70.00","2","0","pcs","""2026-08-17T13:26:13.026Z"""
"57","BEL -AQUA  PACK","SKU-MSX9UQD2",,,"28.00","38.00","3","1","pcs","""2026-08-17T13:30:49.732Z"""
"58","Bel Aqua Bottle Single","SKU-MSX9WQKU",,,"28.00","3.00","9","2","pcs","""2026-08-17T13:32:23.323Z"""
"59","AQUATORK  PACK","SKU-MSX9ZCJJ",,,"20.00","30.00","8","2","pcs","""2026-08-17T13:34:25.100Z"""
"60","AQUATORK SINGLE","SKU-MSXA0VGA",,,"1.25","3.00","11","5","pcs","""2026-08-17T13:35:36.261Z"""
"61","VOLTIC COOL SACHAT WATER","SKU-MSXA3LML",,,"10.00","12.00","6","3","pcs","""2026-08-17T13:37:43.497Z"""
"62","Kivo Gari ","SKU-MSXFE6C6","784300170266",,"3.00","5.00","32","15","pcs","""2026-08-17T16:05:54.981Z"""
"63","Cowbell  23g","SKU-MSXFLIRM","6008155018783",,"2.91","4.00","57","15","pcs","""2026-08-17T16:11:37.680Z"""
"64","Cowbell   14g","SKU-MSXFQ0MM","6008155018967",,"1.75","2.50","120","20","pcs","""2026-08-17T16:15:07.451Z"""
"65","Twisco All-in-One ","SKU-MSXFX92K","6008155022483",,"3.18","5.00","11","5","pcs","""2026-08-17T16:20:44.986Z"""
"66","Twisco All-in-One    (Roll)","SKU-MSXFZFSR","6008155022483",,"35.00","37.00","2","1","pcs","""2026-08-17T16:22:27.014Z"""
"67","NESCAFE  3 in 1","SKU-MSXG5F0X","6033000087256",,"3.18","5.00","80","20","pcs","""2026-08-17T16:27:05.949Z"""
"68","Miski Chocolate ","SKU-MSXG9C0S","6008155019926",,"3.00","5.00","60","20","pcs","""2026-08-17T16:30:08.683Z"""
"69","COWBELL Coffee","SKU-MSXGCAN7","6008155002027",,"3.50","5.00","117","30","pcs","""2026-08-17T16:32:26.865Z"""
"70","COWBELL CHOCO-MALT","SKU-MSXGE52R","6008155002317",,"3.50","5.00","57","20","pcs","""2026-08-17T16:33:52.960Z"""
"71","COWBELL STRAWBERRY","SKU-MSXGH94X","6008155002300",,"3.50","5.00","55","20","pcs","""2026-08-17T16:36:18.190Z"""
"72","COWBELL MOCHA","SKU-MSXGLHVZ","6008155019919",,"3.50","5.00","57","20","pcs","""2026-08-17T16:39:36.156Z"""
"73","Carnation Milk","SKU-MSXGUXSQ","6033000685001",,"9.00","11.00","39","10","pcs","""2026-08-17T16:46:56.679Z"""
"74","Peak Milk  Green","SKU-MSXH25BF","8716200680240",,"20.00","23.00","20","5","pcs","""2026-08-17T16:52:33.017Z"""
"75","Comfort Fresh Blue Skies","SKU-MT1SX1Y4","8720181638473",,"50.00","55.00","2","1","pcs","""2026-08-20T17:35:35.465Z"""
"76","Comfort fresh Sunshine days","SKU-MT1SY6UL","8720181638497",,"50.00","55.00","2","1","pcs","""2026-08-20T17:36:28.477Z"""
"77","Bingo Soft   Pink","SKU-MT1SZL2M","8690536079100",,"30.00","35.00","2","1","pcs","""2026-08-20T17:37:33.562Z"""
"78","Bingo Soft Purple","SKU-MT1T0YIQ","8690536923076",,"30.00","35.00","1","0","pcs","""2026-08-20T17:38:37.647Z"""
"79","Easy On Blue","SKU-MT1T3WBN","062338002156",,"20.00","25.00","2","1","pcs","""2026-08-20T17:40:54.768Z"""
"80","Easy On Purple","SKU-MT1T4M34","069403862004",,"20.00","25.00","2","1","pcs","""2026-08-20T17:41:28.159Z"""
"81","Madar Zone","SKU-MT1T6C7R","6210290119762",,"14.00","18.00","6","2","pcs","""2026-08-20T17:42:48.678Z"""
"82","Camel Original Anticeptics","SKU-MT1T8EVY","6033000100238",,"43.00","48.00","2","1","pcs","""2026-08-20T17:44:25.454Z"""
"83","Camel Lemon Anticeptics","SKU-MT1T98UD","6033000100207",,"43.00","48.00","2","1","pcs","""2026-08-20T17:45:04.274Z"""
"84","Camel Original Anticeptics","SKU-MT1TAKI4","6033000100221",,"22.00","25.00","3","1","pcs","""2026-08-20T17:46:06.044Z"""
"85","Camel Lemon Anticeptics","SKU-MT1TBFP2","6033000100191",,"22.00","25.00","3","1","pcs","""2026-08-20T17:46:46.469Z"""
"86","Savlon Antiseptics","SKU-MT1TCCLW","6003001000547",,"40.00","45.00","3","1","pcs","""2026-08-20T17:47:29.124Z"""
"87","Geisha Bathing Soap","SKU-MT1TFVLN",,,"11.00","15.00","21","7","pcs","""2026-08-20T17:50:13.706Z"""
"88","Kleesoft Laundry Soap","SKU-MT1TPZTQ","6034000307870",,"2.00","3.00","77","20","pcs","""2026-08-20T17:58:05.740Z"""
"89","Sunlight Washing Soap","SKU-MT1TRSKH","6033000294807",,"5.50","8.00","12","5","pcs","""2026-08-20T17:59:29.649Z"""
"90","Dr.X Medicated Soap","SKU-MT1TTX2J","6034000307900",,"2.80","4.50","71","25","pcs","""2026-08-20T18:01:09.112Z"""
"91","Camel Antibacterial soap Aleo Vera","SKU-MT1TWNGV","6154000014391",,"11.66","15.00","6","2","pcs","""2026-08-20T18:03:16.318Z"""
"92","Camel Antibacterial soap Cooling Menthol","SKU-MT1TXNFS","6154000014407",,"11.66","15.00","6","2","pcs","""2026-08-20T18:04:02.935Z"""
"93","Kleesoft 3 in 1 laundry Soap","SKU-MT1U1R3G",,,"5.00","9.00","43","15","pcs","""2026-08-20T18:07:14.298Z"""
"94","Medi Soft Soap","SKU-MT1U4D0P","8992929130215",,"5.66","10.00","12","4","pcs","""2026-08-20T18:09:16.024Z"""
"95","IMPERIAL LEATHER CLASSIC","SKU-MT1U6JY5","5000101964831",,"12.50","17.00","12","4","pcs","""2026-08-20T18:10:58.315Z"""
"96","Yazz Sanitary Pad","SKU-MT1U9IBF","6972981405461",,"14.00","17.00","3","1","pcs","""2026-08-20T18:13:16.169Z"""
"97","Yazz Sanitary Pad Blue","SKU-MT1UAF6H","6971044950009",,"14.00","17.00","4","2","pcs","""2026-08-20T18:13:58.760Z"""
"98","Yazz Sanitary Pink ","SKU-MT1UBNA3","6971044950313",,"14.00","17.00","4","2","pcs","""2026-08-20T18:14:55.913Z"""
"99","Yazz sanitary Pad Purple","SKU-MT1UDMZJ","6971044950337",,"14.00","17.00","4","2","pcs","""2026-08-20T18:16:28.847Z"""
"100","Always Protection","SKU-MT1UGYMG","8700216622967",,"15.00","20.00","3","1","pcs","""2026-08-20T18:19:03.895Z"""
"101","Always Herbal","SKU-MT1UHPF6","4015400205258",,"20.00","25.00","3","1","pcs","""2026-08-20T18:19:38.624Z"""
"102","Medi Soft Mosquito Repellent","SKU-MT1UKSJK","8992929754015",,"12.00","15.00","6","2","pcs","""2026-08-20T18:22:02.639Z"""
"103","Caprisun Juice Pack","SKU-MT1UUHGO",,,"80.00","120.00","2","1","pcs","""2026-08-20T18:29:34.839Z"""
"104","Caprisun Juice","SKU-MT1UW3OL",,,"8.00","10.00","16","5","pcs","""2026-08-20T18:30:50.291Z"""
"105","Flora Tissue","SKU-MT1UYU9A",,,"5.00","8.00","12","5","pcs","""2026-08-20T18:32:58.045Z"""
"106","Heaven Black Mosquito coil","SKU-MT7R6ISD",,,"14.00","18.00","2","1","pcs","""2026-08-24T21:33:35.027Z"""
"107","Sasso Mosquito Coil","SKU-MT7R7CJQ",,,"14.00","18.00","3","1","pcs","""2026-08-24T21:34:13.594Z"""
"108","Air Refreshner","SKU-MT7RDTIX",,,"5.00","7.50","12","4","pcs","""2026-08-24T21:39:15.534Z"""
"109","Mok Washing Soap","SKU-MT7RF1ZC",,,"1.50","2.50","10","3","pcs","""2026-08-24T21:40:13.148Z"""
"110","So Klin Washing Powder","SKU-MT7SDTBY",,,"3.00","5.00","16","4","pcs","""2026-08-24T22:07:14.898Z"""
"111","Madar Washing Powder","SKU-MT7SSJBC",,,"3.00","5.00","6","2","pcs","""2026-08-24T22:18:41.757Z"""
"112","Shaving Stick","SKU-MT7T9S5G",,,"4.00","8.00","10","3","pcs","""2026-08-24T22:32:06.359Z"""
"113","MGL  Natural Coconut Oil  & Shea butter    (Big)","SKU-MT7TGSXJ","6036000027802",,"65.00","70.00","2","1","pcs","""2026-08-24T22:37:33.963Z"""
"114","MGL  Natural Coconut Oil  & Shea butter  ( Small)","SKU-MT7THYU7","6036000027888",,"35.00","40.00","2","1","pcs","""2026-08-24T22:38:28.275Z"""
"115","Style Up  Wave Gel","SKU-MT7TIWHS","6033000171276",,"18.00","22.00","3","1","pcs","""2026-08-24T22:39:11.896Z"""
"116","Apple Hair Treatment (Green)  Big","SKU-MT7TOJRF","6156000100937",,"30.00","35.00","2","1","pcs","""2026-08-24T22:43:35.329Z"""
"117","Apple Hair Treatment (Orange)  Big","SKU-MT7TP4MM","6156000100814",,"30.00","35.00","2","1","pcs","""2026-08-24T22:44:02.369Z"""
"118","Jeba Natural Hair Food  (Big)","SKU-MT7TPXE2","6009800531022",,"43.00","47.00","3","1","pcs","""2026-08-24T22:44:39.648Z"""
"119","DAX Pomade","SKU-MT7TRG1X","077315003019",,"85.00","90.00","1","0","pcs","""2026-08-24T22:45:50.490Z"""
"120","DAX Lalolin","SKU-MT7TS694","077315006034",,"85.00","90.00","1","0","pcs","""2026-08-24T22:46:24.445Z"""
"121","DAX Kocatah","SKU-MT7TSV0C","077315003040",,"85.00","90.00","1","0","pcs","""2026-08-24T22:46:56.529Z"""
"122","Chambers Chapter 2000  (Big)","SKU-MT7TYB6U","6036000047428",,"40.00","45.00","2","1","pcs","""2026-08-24T22:51:10.777Z"""
"123","Chambers Chapter 2000 ( Medium)","SKU-MT7TYWDD","6036000047435",,"30.00","35.00","2","1","pcs","""2026-08-24T22:51:38.229Z"""
"124","Chambers Chapter 2000 ( Small)","SKU-MT7TZZXG","6036000089985",,"20.00","25.00","2","1","pcs","""2026-08-24T22:52:29.496Z"""
"125","INDIAN HEMP Hair Food Treatment","SKU-MT7U1U5P",,,"40.00","45.00","2","1","pcs","""2026-08-24T22:53:55.330Z"""
"126","Jeba Natural Hair Food  (Small)","SKU-MT7U34OB","6009800531008",,"18.00","22.00","1","0","pcs","""2026-08-24T22:54:55.615Z"""
"127","Apple Hair Treatment (Orange)  Small","SKU-MT7U4X5D","6156000100784",,"12.00","17.00","3","1","pcs","""2026-08-24T22:56:19.175Z"""
"128","Apple Hair Treatment (Green)  Small","SKU-MT7U5LVG","6156000100906",,"13.00","17.00","3","1","pcs","""2026-08-24T22:56:51.217Z"""
"129","Romero Alecrim ","SKU-MT7U781V","8480000468161",,"60.00","65.00","7","3","pcs","""2026-08-24T22:58:06.616Z"""
"130","Almends ","SKU-MT7U7WKM","8480000468154",,"60.00","65.00","4","2","pcs","""2026-08-24T22:58:38.396Z"""
"131","Oil Aleo Vera","SKU-MT7U96UH","8480000792174",,"35.00","40.00","9","3","pcs","""2026-08-24T22:59:38.366Z"""
"132","Vaseline Pomade ( Green )   Big","SKU-MT7UASRO",,,"45.00","50.00","1","0","pcs","""2026-08-24T23:00:53.433Z"""
"133","Vaseline Pomade ( Blue)  Big","SKU-MT7UCB4S",,,"45.00","50.00","1","0","pcs","""2026-08-24T23:02:03.887Z"""
"134","Vaseline Pomade ( Blue)  Small","SKU-MT7UD6D9",,,"22.00","27.00","3","1","pcs","""2026-08-24T23:02:44.369Z"""
"135","Vaseline Pomade ( Green) Small ","SKU-MT7UDSN9",,,"22.00","27.00","3","1","pcs","""2026-08-24T23:03:13.241Z"""
"136","Ever Sheen Lotion (Small)","SKU-MT7UJ5AT","6186000077427",,"15.00","20.00","6","2","pcs","""2026-08-24T23:07:22.921Z"""
"137","Ever Sheen Lotion  ( medium)","SKU-MT7UK8R3","6186000077410",,"25.00","30.00","4","2","pcs","""2026-08-24T23:08:14.051Z"""
"138","Ever Sheen  Lotion (Big)","SKU-MT7UKX7S","6186000077649",,"35.00","40.00","3","1","pcs","""2026-08-24T23:08:45.756Z"""
"139","Queen Elizabeth Cocoa Butter Lotion (Small)","SKU-MT7UMQSG","6186000077052",,"12.00","18.00","6","2","pcs","""2026-08-24T23:10:10.739Z"""
"140","Queen Elizabeth Cocoa Butter Lotion ( Medium)","SKU-MT7UNNA3","6186000077045",,"20.00","25.00","6","2","pcs","""2026-08-24T23:10:52.847Z"""
"141","Queen Elizabeth Cocoa Butter Lotion ( Big)","SKU-MT7UOIHF","6186000077434",,"33.00","38.00","6","2","pcs","""2026-08-24T23:11:33.287Z"""
"142","Ever Sheen  Cream (Small)","SKU-MTAI3BOS",,,"12.00","18.00","5","2","pcs","""2026-08-26T19:42:27.833Z"""
"143","Ever Sheen  Cream (Big)","SKU-MTAIECIO",,,"23.00","28.00","8","3","pcs","""2026-08-26T19:51:02.126Z"""
"144","Queen Elizabeth Cocoa Butter Cream ( Big)","SKU-MTAIP7Y7","6186000077014",,"30.00","35.00","4","2","pcs","""2026-08-26T19:59:29.420Z"""
"145","Queen Elizabeth Cocoa Butter Cream ( medium)","SKU-MTAIRA76","6186000077021",,"20.00","25.00","6","2","pcs","""2026-08-26T20:01:05.647Z"""
"146","Queen Elizabeth Cocoa Butter Cream ( Small)","SKU-MTAIS7CP","6186000077038",,"12.00","18.00","6","2","pcs","""2026-08-26T20:01:48.615Z"""
"147","Palmers Cocoa Butter Cream","SKU-MTAIUX5N","010181140082",,"120.00","140.00","1","1","pcs","""2026-08-26T20:03:55.369Z"""
"148","Palmers Cocoa Butter Lotion","SKU-MTAIZ1Y8","010181141652",,"110.00","130.00","2","1","pcs","""2026-08-26T20:07:08.203Z"""
"149","Jergens Lotion","SKU-MTAJ0WB6","019100109995",,"150.00","170.00","1","1","pcs","""2026-08-26T20:08:34.207Z"""
"150","NIVEA Q10","SKU-MTAJ84EK","4005808237487",,"70.00","85.00","2","1","pcs","""2026-08-26T20:14:11.290Z"""
"151","NIVEA COCOA ","SKU-MTAJ9ARZ","4005900593429",,"50.00","65.00","2","1","pcs","""2026-08-26T20:15:06.202Z"""
"152","NIVEA PERFECT & RADIANT","SKU-MTAJAFX8","4005900378606",,"50.00","65.00","2","1","pcs","""2026-08-26T20:15:59.528Z"""
"153","NIVEA VIT C","SKU-MTAJBAE9","4005900925046",,"70.00","85.00","2","1","pcs","""2026-08-26T20:16:39.021Z"""
"154","VASELINE Big Size","SKU-MTAJEKMC","6001087005630",,"40.00","50.00","2","1","pcs","""2026-08-26T20:19:12.239Z"""
"155","Vaseline Small Size Original","SKU-MTAJI4HR","6001085120946",,"19.00","27.00","4","2","pcs","""2026-08-26T20:21:57.963Z"""
"156","Vaseline Small Size Aleo vera","SKU-MTAJJ5HD","60018915",,"19.00","27.00","2","1","pcs","""2026-08-26T20:22:45.902Z"""
"157","Kuza Indian Hemp Hair Food","SKU-MTAJL0F2",,,"40.00","45.00","2","1","pcs","""2026-08-26T20:24:12.649Z"""
"158","Cera Ve Lotion","SKU-MTAJMLMN","3612623986202",,"200.00","230.00","2","1","pcs","""2026-08-26T20:25:26.797Z"""
"159","Aveeno Body Lotion","SKU-MTAJNKJ7","3574661604732",,"220.00","250.00","2","1","pcs","""2026-08-26T20:26:12.031Z"""
"160","OLAY Vit C Lotion","SKU-MTAJOUDB","075609201059",,"200.00","230.00","2","1","pcs","""2026-08-26T20:27:11.436Z"""
"161","Fair & White Exclusive","SKU-MTAJR3ON","877917005264",,"240.00","260.00","1","0","pcs","""2026-08-26T20:28:56.821Z"""
"162","Fair & White So White","SKU-MTAJS764","877917000221",,"230.00","250.00","1","0","pcs","""2026-08-26T20:29:47.994Z"""
"163","Fruiser Shower Cream Goat Milk","SKU-MTAJZX82","9557887188389",,"70.00","80.00","1","0","pcs","""2026-08-26T20:35:48.351Z"""
"164","Fruiser Shower Cream UV White","SKU-MTAK0UKI","9557887179417",,"70.00","80.00","1","1","pcs","""2026-08-26T20:36:31.565Z"""
"165","COSMO GLOW Carrot","SKU-MTAK2WZX","6294015196511",,"60.00","70.00","1","0","pcs","""2026-08-26T20:38:08.024Z"""
"166","COSMO GLOW Skin Perfect","SKU-MTAK4AFE","6294015196498",,"70.00","80.00","1","0","pcs","""2026-08-26T20:39:12.088Z"""
"167","COSMO GLOW Miss Beauty","SKU-MTAK5IKO","6294015196528",,"70.00","80.00","1","0","pcs","""2026-08-26T20:40:09.301Z"""
"168","DOVE Purely Pampering","SKU-MTAK8BZF","8712561609647",,"55.00","65.00","1","0","pcs","""2026-08-26T20:42:20.727Z"""
"169","Dove Relaxing","SKU-MTAK96ZP","8712561631204",,"55.00","65.00","2","1","pcs","""2026-08-26T20:43:00.917Z"""
"170","Dove Deeply Nourishing","SKU-MTAKA7IZ","8712561594424",,"70.00","80.00","3","1","pcs","""2026-08-26T20:43:48.264Z"""
"171","PALMOLIVE Shower Gel","SKU-MTAKBMD9","8718951217003",,"40.00","50.00","3","1","pcs","""2026-08-26T20:44:54.153Z"""
"172","Irish Spring ","SKU-MTAKGOTD","6001067500056",,"12.50","15.00","6","2","pcs","""2026-08-26T20:48:50.606Z"""
"173","Dove Cake Soap","SKU-MTAKI0GR","7501056371838",,"55.00","65.00","1","1","pcs","""2026-08-26T20:49:52.359Z"""
"174","Pepsodent Cavity Fighter","SKU-MTAKUYUR","8934839128302",,"17.50","20.00","9","3","pcs","""2026-08-26T20:59:56.801Z"""
"175","Pepsodent Charcoal White","SKU-MTAKW8KI","8934839133535",,"18.00","23.00","10","3","pcs","""2026-08-26T21:00:56.045Z"""